signature,file,startline,startcol,endline,endcol,properties
Lcom/android/internal/util/HexDump;->toHexString([B)Ljava/lang/String;,frameworks/base/core/java/com/android/internal/util/HexDump.java,104,5,104,25,
Lcom/android/internal/util/HexDump;->toHexString([BZ)Ljava/lang/String;,frameworks/base/core/java/com/android/internal/util/HexDump.java,110,5,110,69,maxTargetSdk=30&trackingBug=170729553L
Lcom/android/internal/util/HexDump;->toHexString([BII)Ljava/lang/String;,frameworks/base/core/java/com/android/internal/util/HexDump.java,116,5,116,25,
Lcom/android/internal/util/HexDump;->toHexString(I)Ljava/lang/String;,frameworks/base/core/java/com/android/internal/util/HexDump.java,138,5,138,25,
Lcom/android/internal/util/HexDump;->hexStringToByteArray(Ljava/lang/String;)[B,frameworks/base/core/java/com/android/internal/util/HexDump.java,172,5,172,25,
Lcom/android/internal/util/IState;->getName()Ljava/lang/String;,frameworks/base/core/java/com/android/internal/util/IState.java,71,5,71,25,
Lcom/android/internal/util/State;-><init>()V,frameworks/base/core/java/com/android/internal/util/State.java,35,5,35,25,
Lcom/android/internal/util/State;->enter()V,frameworks/base/core/java/com/android/internal/util/State.java,42,5,42,25,
Lcom/android/internal/util/State;->exit()V,frameworks/base/core/java/com/android/internal/util/State.java,50,5,50,88,maxTargetSdk=30&trackingBug=170729553L
Lcom/android/internal/util/State;->processMessage(Landroid/os/Message;)Z,frameworks/base/core/java/com/android/internal/util/State.java,58,5,58,25,
Lcom/android/internal/util/State;->getName()Ljava/lang/String;,frameworks/base/core/java/com/android/internal/util/State.java,76,5,76,25,
Lcom/android/internal/util/StateMachine;-><init>(Ljava/lang/String;)V,frameworks/base/core/java/com/android/internal/util/StateMachine.java,1304,5,1304,25,
Lcom/android/internal/util/StateMachine;-><init>(Ljava/lang/String;Landroid/os/Looper;)V,frameworks/base/core/java/com/android/internal/util/StateMachine.java,1318,5,1318,25,
Lcom/android/internal/util/StateMachine;-><init>(Ljava/lang/String;Landroid/os/Handler;)V,frameworks/base/core/java/com/android/internal/util/StateMachine.java,1328,5,1328,88,maxTargetSdk=30&trackingBug=170729553L
Lcom/android/internal/util/StateMachine;->addState(Lcom/android/internal/util/State;)V,frameworks/base/core/java/com/android/internal/util/StateMachine.java,1361,5,1361,88,maxTargetSdk=30&trackingBug=170729553L
Lcom/android/internal/util/StateMachine;->setInitialState(Lcom/android/internal/util/State;)V,frameworks/base/core/java/com/android/internal/util/StateMachine.java,1380,5,1380,88,maxTargetSdk=30&trackingBug=170729553L
Lcom/android/internal/util/StateMachine;->transitionTo(Lcom/android/internal/util/IState;)V,frameworks/base/core/java/com/android/internal/util/StateMachine.java,1419,5,1419,88,maxTargetSdk=30&trackingBug=170729553L
Lcom/android/internal/util/StateMachine;->obtainMessage(III)Landroid/os/Message;,frameworks/base/core/java/com/android/internal/util/StateMachine.java,1684,5,1684,25,
Lcom/android/internal/util/StateMachine;->obtainMessage(IIILjava/lang/Object;)Landroid/os/Message;,frameworks/base/core/java/com/android/internal/util/StateMachine.java,1704,5,1704,88,maxTargetSdk=30&trackingBug=170729553L
Lcom/android/internal/util/StateMachine;->sendMessage(I)V,frameworks/base/core/java/com/android/internal/util/StateMachine.java,1714,5,1714,25,
Lcom/android/internal/util/StateMachine;->sendMessage(ILjava/lang/Object;)V,frameworks/base/core/java/com/android/internal/util/StateMachine.java,1728,5,1728,25,
Lcom/android/internal/util/StateMachine;->sendMessage(II)V,frameworks/base/core/java/com/android/internal/util/StateMachine.java,1742,5,1742,88,maxTargetSdk=30&trackingBug=170729553L
Lcom/android/internal/util/StateMachine;->sendMessage(IIILjava/lang/Object;)V,frameworks/base/core/java/com/android/internal/util/StateMachine.java,1769,5,1769,88,maxTargetSdk=30&trackingBug=170729553L
Lcom/android/internal/util/StateMachine;->sendMessage(Landroid/os/Message;)V,frameworks/base/core/java/com/android/internal/util/StateMachine.java,1783,5,1783,25,
Lcom/android/internal/util/StateMachine;->start()V,frameworks/base/core/java/com/android/internal/util/StateMachine.java,2070,5,2070,88,maxTargetSdk=30&trackingBug=170729553L
Lcom/android/internal/util/StateMachine;->dump(Ljava/io/FileDescriptor;Ljava/io/PrintWriter;[Ljava/lang/String;)V,frameworks/base/core/java/com/android/internal/util/StateMachine.java,2087,5,2087,88,maxTargetSdk=30&trackingBug=170729553L
