signature,file,startline,startcol,endline,endcol,properties
Landroid/net/wifi/IWifiManager;->getWifiApEnabledState()I,packages/modules/Wifi/framework/java/android/net/wifi/IWifiManager.aidl,189,1,189,25,
Landroid/net/wifi/IWifiManager;->getWifiApConfiguration()Landroid/net/wifi/WifiConfiguration;,packages/modules/Wifi/framework/java/android/net/wifi/IWifiManager.aidl,192,1,192,25,
Landroid/net/wifi/IWifiManager;->getCurrentNetwork()Landroid/net/Network;,packages/modules/Wifi/framework/java/android/net/wifi/IWifiManager.aidl,217,1,217,69,maxTargetSdk=30&trackingBug=170729553L
Landroid/net/wifi/ScanResult$InformationElement;->EID_SSID:I,packages/modules/Wifi/framework/java/android/net/wifi/ScanResult.java,902,9,902,92,maxTargetSdk=30&trackingBug=170729553L
Landroid/net/wifi/ScanResult$InformationElement;->EID_SUPPORTED_RATES:I,packages/modules/Wifi/framework/java/android/net/wifi/ScanResult.java,905,9,905,92,maxTargetSdk=30&trackingBug=170729553L
Landroid/net/wifi/ScanResult$InformationElement;->EID_TIM:I,packages/modules/Wifi/framework/java/android/net/wifi/ScanResult.java,908,9,908,92,maxTargetSdk=30&trackingBug=170729553L
Landroid/net/wifi/ScanResult$InformationElement;->EID_BSS_LOAD:I,packages/modules/Wifi/framework/java/android/net/wifi/ScanResult.java,913,9,913,92,maxTargetSdk=30&trackingBug=170729553L
Landroid/net/wifi/ScanResult$InformationElement;->EID_ERP:I,packages/modules/Wifi/framework/java/android/net/wifi/ScanResult.java,916,9,916,92,maxTargetSdk=30&trackingBug=170729553L
Landroid/net/wifi/ScanResult$InformationElement;->EID_RSN:I,packages/modules/Wifi/framework/java/android/net/wifi/ScanResult.java,921,9,921,92,maxTargetSdk=30&trackingBug=170729553L
Landroid/net/wifi/ScanResult$InformationElement;->EID_EXTENDED_SUPPORTED_RATES:I,packages/modules/Wifi/framework/java/android/net/wifi/ScanResult.java,924,9,924,92,maxTargetSdk=30&trackingBug=170729553L
Landroid/net/wifi/ScanResult$InformationElement;->EID_HT_OPERATION:I,packages/modules/Wifi/framework/java/android/net/wifi/ScanResult.java,927,9,927,92,maxTargetSdk=30&trackingBug=170729553L
Landroid/net/wifi/ScanResult$InformationElement;->EID_INTERWORKING:I,packages/modules/Wifi/framework/java/android/net/wifi/ScanResult.java,930,9,930,92,maxTargetSdk=30&trackingBug=170729553L
Landroid/net/wifi/ScanResult$InformationElement;->EID_ROAMING_CONSORTIUM:I,packages/modules/Wifi/framework/java/android/net/wifi/ScanResult.java,933,9,933,92,maxTargetSdk=30&trackingBug=170729553L
Landroid/net/wifi/ScanResult$InformationElement;->EID_EXTENDED_CAPS:I,packages/modules/Wifi/framework/java/android/net/wifi/ScanResult.java,936,9,936,92,maxTargetSdk=30&trackingBug=170729553L
Landroid/net/wifi/ScanResult$InformationElement;->EID_VHT_OPERATION:I,packages/modules/Wifi/framework/java/android/net/wifi/ScanResult.java,941,9,941,92,maxTargetSdk=30&trackingBug=170729553L
Landroid/net/wifi/ScanResult$InformationElement;->EID_VSA:I,packages/modules/Wifi/framework/java/android/net/wifi/ScanResult.java,944,9,944,92,maxTargetSdk=30&trackingBug=170729553L
Landroid/net/wifi/ScanResult$InformationElement;->id:I,packages/modules/Wifi/framework/java/android/net/wifi/ScanResult.java,956,9,956,29,
Landroid/net/wifi/ScanResult$InformationElement;->bytes:[B,packages/modules/Wifi/framework/java/android/net/wifi/ScanResult.java,962,9,962,29,
Landroid/net/wifi/ScanResult;->wifiSsid:Landroid/net/wifi/WifiSsid;,packages/modules/Wifi/framework/java/android/net/wifi/ScanResult.java,56,5,56,25,
Landroid/net/wifi/ScanResult;->hessid:J,packages/modules/Wifi/framework/java/android/net/wifi/ScanResult.java,68,5,68,25,
Landroid/net/wifi/ScanResult;->anqpDomainId:I,packages/modules/Wifi/framework/java/android/net/wifi/ScanResult.java,75,5,75,25,
Landroid/net/wifi/ScanResult;->is80211McRTTResponder:Z,packages/modules/Wifi/framework/java/android/net/wifi/ScanResult.java,458,5,458,88,maxTargetSdk=30&trackingBug=170729553L
Landroid/net/wifi/ScanResult;->seen:J,packages/modules/Wifi/framework/java/android/net/wifi/ScanResult.java,471,5,471,25,
Landroid/net/wifi/ScanResult;->numUsage:I,packages/modules/Wifi/framework/java/android/net/wifi/ScanResult.java,530,5,530,25,
Landroid/net/wifi/ScanResult;->distanceCm:I,packages/modules/Wifi/framework/java/android/net/wifi/ScanResult.java,538,5,538,25,
Landroid/net/wifi/ScanResult;->distanceSdCm:I,packages/modules/Wifi/framework/java/android/net/wifi/ScanResult.java,546,5,546,25,
Landroid/net/wifi/ScanResult;->flags:J,packages/modules/Wifi/framework/java/android/net/wifi/ScanResult.java,563,5,563,25,
Landroid/net/wifi/ScanResult;->anqpLines:Ljava/util/List;,packages/modules/Wifi/framework/java/android/net/wifi/ScanResult.java,894,5,894,25,
Landroid/net/wifi/ScanResult;->informationElements:[Landroid/net/wifi/ScanResult$InformationElement;,packages/modules/Wifi/framework/java/android/net/wifi/ScanResult.java,1062,5,1062,25,
Landroid/net/wifi/WifiConfiguration;->wepKeyVarNames:[Ljava/lang/String;,packages/modules/Wifi/framework/java/android/net/wifi/WifiConfiguration.java,84,5,84,25,
Landroid/net/wifi/WifiConfiguration;->apBand:I,packages/modules/Wifi/framework/java/android/net/wifi/WifiConfiguration.java,1045,5,1045,25,
Landroid/net/wifi/WifiConfiguration;->apChannel:I,packages/modules/Wifi/framework/java/android/net/wifi/WifiConfiguration.java,1056,5,1056,25,
Landroid/net/wifi/WifiConfiguration;->mIpConfiguration:Landroid/net/IpConfiguration;,packages/modules/Wifi/framework/java/android/net/wifi/WifiConfiguration.java,1250,5,1250,25,
Landroid/net/wifi/WifiConfiguration;->defaultGwMacAddress:Ljava/lang/String;,packages/modules/Wifi/framework/java/android/net/wifi/WifiConfiguration.java,1263,5,1263,25,
Landroid/net/wifi/WifiConfiguration;->validatedInternetAccess:Z,packages/modules/Wifi/framework/java/android/net/wifi/WifiConfiguration.java,1270,5,1270,25,
Landroid/net/wifi/WifiConfiguration;->INVALID_RSSI:I,packages/modules/Wifi/framework/java/android/net/wifi/WifiConfiguration.java,1351,5,1351,88,maxTargetSdk=28&trackingBug=115609023L
Landroid/net/wifi/WifiConfiguration;->numNoInternetAccessReports:I,packages/modules/Wifi/framework/java/android/net/wifi/WifiConfiguration.java,1358,5,1358,88,maxTargetSdk=30&trackingBug=170729553L
Landroid/net/wifi/WifiConfiguration;->noInternetAccessExpected:Z,packages/modules/Wifi/framework/java/android/net/wifi/WifiConfiguration.java,1378,5,1378,88,maxTargetSdk=30&trackingBug=170729553L
Landroid/net/wifi/WifiConfiguration;->selfAdded:Z,packages/modules/Wifi/framework/java/android/net/wifi/WifiConfiguration.java,1432,5,1432,88,maxTargetSdk=30&trackingBug=170729553L
Landroid/net/wifi/WifiConfiguration;->isEnterprise()Z,packages/modules/Wifi/framework/java/android/net/wifi/WifiConfiguration.java,2935,5,2935,25,
Landroid/net/wifi/WifiConfiguration;->getStaticIpConfiguration()Landroid/net/StaticIpConfiguration;,packages/modules/Wifi/framework/java/android/net/wifi/WifiConfiguration.java,3417,5,3417,25,
Landroid/net/wifi/WifiConfiguration;->setStaticIpConfiguration(Landroid/net/StaticIpConfiguration;)V,packages/modules/Wifi/framework/java/android/net/wifi/WifiConfiguration.java,3423,5,3423,25,
Landroid/net/wifi/WifiConfiguration;->getIpAssignment()Landroid/net/IpConfiguration$IpAssignment;,packages/modules/Wifi/framework/java/android/net/wifi/WifiConfiguration.java,3433,5,3433,25,
Landroid/net/wifi/WifiConfiguration;->setIpAssignment(Landroid/net/IpConfiguration$IpAssignment;)V,packages/modules/Wifi/framework/java/android/net/wifi/WifiConfiguration.java,3439,5,3439,25,
Landroid/net/wifi/WifiConfiguration;->getProxySettings()Landroid/net/IpConfiguration$ProxySettings;,packages/modules/Wifi/framework/java/android/net/wifi/WifiConfiguration.java,3449,5,3449,25,
Landroid/net/wifi/WifiConfiguration;->setProxySettings(Landroid/net/IpConfiguration$ProxySettings;)V,packages/modules/Wifi/framework/java/android/net/wifi/WifiConfiguration.java,3455,5,3455,25,
Landroid/net/wifi/WifiConfiguration;->setProxy(Landroid/net/IpConfiguration$ProxySettings;Landroid/net/ProxyInfo;)V,packages/modules/Wifi/framework/java/android/net/wifi/WifiConfiguration.java,3512,5,3512,25,
Landroid/net/wifi/WifiConfiguration;->CREATOR:Landroid/os/Parcelable$Creator;,packages/modules/Wifi/framework/java/android/net/wifi/WifiConfiguration.java,3708,5,3708,25,
Landroid/net/wifi/WifiEnterpriseConfig;->mFields:Ljava/util/HashMap;,packages/modules/Wifi/framework/java/android/net/wifi/WifiEnterpriseConfig.java,250,5,250,25,
Landroid/net/wifi/WifiEnterpriseConfig;->setCaCertificateAlias(Ljava/lang/String;)V,packages/modules/Wifi/framework/java/android/net/wifi/WifiEnterpriseConfig.java,704,5,704,25,
Landroid/net/wifi/WifiEnterpriseConfig;->getCaCertificateAlias()Ljava/lang/String;,packages/modules/Wifi/framework/java/android/net/wifi/WifiEnterpriseConfig.java,745,5,745,25,
Landroid/net/wifi/WifiInfo;->mBSSID:Ljava/lang/String;,packages/modules/Wifi/framework/java/android/net/wifi/WifiInfo.java,108,5,108,88,maxTargetSdk=28&trackingBug=115609023L
Landroid/net/wifi/WifiInfo;->mWifiSsid:Landroid/net/wifi/WifiSsid;,packages/modules/Wifi/framework/java/android/net/wifi/WifiInfo.java,110,5,110,25,
Landroid/net/wifi/WifiInfo;->mIpAddress:Ljava/net/InetAddress;,packages/modules/Wifi/framework/java/android/net/wifi/WifiInfo.java,244,5,244,25,
Landroid/net/wifi/WifiInfo;->mMacAddress:Ljava/lang/String;,packages/modules/Wifi/framework/java/android/net/wifi/WifiInfo.java,246,5,246,25,
Landroid/net/wifi/WifiInfo;->score:I,packages/modules/Wifi/framework/java/android/net/wifi/WifiInfo.java,386,5,386,25,
Landroid/net/wifi/WifiInfo;-><init>()V,packages/modules/Wifi/framework/java/android/net/wifi/WifiInfo.java,446,5,446,25,
Landroid/net/wifi/WifiInfo;->getWifiSsid()Landroid/net/wifi/WifiSsid;,packages/modules/Wifi/framework/java/android/net/wifi/WifiInfo.java,666,5,666,25,
Landroid/net/wifi/WifiInfo;->setBSSID(Ljava/lang/String;)V,packages/modules/Wifi/framework/java/android/net/wifi/WifiInfo.java,672,5,672,25,
Landroid/net/wifi/WifiInfo;->setRssi(I)V,packages/modules/Wifi/framework/java/android/net/wifi/WifiInfo.java,706,5,706,25,
Landroid/net/wifi/WifiInfo;->setLinkSpeed(I)V,packages/modules/Wifi/framework/java/android/net/wifi/WifiInfo.java,742,5,742,25,
Landroid/net/wifi/WifiInfo;->is5GHz()Z,packages/modules/Wifi/framework/java/android/net/wifi/WifiInfo.java,841,5,841,25,
Landroid/net/wifi/WifiInfo;->setMacAddress(Ljava/lang/String;)V,packages/modules/Wifi/framework/java/android/net/wifi/WifiInfo.java,858,5,858,25,
Landroid/net/wifi/WifiInfo;->getMeteredHint()Z,packages/modules/Wifi/framework/java/android/net/wifi/WifiInfo.java,896,5,896,25,
Landroid/net/wifi/WifiInfo;->setNetworkId(I)V,packages/modules/Wifi/framework/java/android/net/wifi/WifiInfo.java,1085,5,1085,25,
Landroid/net/wifi/WifiInfo;->setSupplicantState(Landroid/net/wifi/SupplicantState;)V,packages/modules/Wifi/framework/java/android/net/wifi/WifiInfo.java,1114,5,1114,25,
Landroid/net/wifi/WifiInfo;->setSupplicantState(Ljava/lang/String;)V,packages/modules/Wifi/framework/java/android/net/wifi/WifiInfo.java,1162,5,1162,25,
Landroid/net/wifi/WifiInfo;->removeDoubleQuotes(Ljava/lang/String;)Ljava/lang/String;,packages/modules/Wifi/framework/java/android/net/wifi/WifiInfo.java,1191,5,1191,25,
Landroid/net/wifi/WifiInfo;->CREATOR:Landroid/os/Parcelable$Creator;,packages/modules/Wifi/framework/java/android/net/wifi/WifiInfo.java,1306,5,1306,25,
Landroid/net/wifi/WifiManager;->LINK_CONFIGURATION_CHANGED_ACTION:Ljava/lang/String;,packages/modules/Wifi/framework/java/android/net/wifi/WifiManager.java,1120,5,1120,88,maxTargetSdk=30&trackingBug=170729553L
Landroid/net/wifi/WifiManager;->MIN_RSSI:I,packages/modules/Wifi/framework/java/android/net/wifi/WifiManager.java,1316,5,1316,25,
Landroid/net/wifi/WifiManager;->MAX_RSSI:I,packages/modules/Wifi/framework/java/android/net/wifi/WifiManager.java,1320,5,1320,25,
Landroid/net/wifi/WifiManager;->RSSI_LEVELS:I,packages/modules/Wifi/framework/java/android/net/wifi/WifiManager.java,1330,5,1330,88,maxTargetSdk=30&trackingBug=170729553L
Landroid/net/wifi/WifiManager;->WIFI_FREQUENCY_BAND_AUTO:I,packages/modules/Wifi/framework/java/android/net/wifi/WifiManager.java,1339,5,1339,25,
Landroid/net/wifi/WifiManager;->WIFI_FREQUENCY_BAND_5GHZ:I,packages/modules/Wifi/framework/java/android/net/wifi/WifiManager.java,1346,5,1346,25,
Landroid/net/wifi/WifiManager;->WIFI_FREQUENCY_BAND_2GHZ:I,packages/modules/Wifi/framework/java/android/net/wifi/WifiManager.java,1353,5,1353,25,
Landroid/net/wifi/WifiManager;->mActiveLockCount:I,packages/modules/Wifi/framework/java/android/net/wifi/WifiManager.java,1374,5,1374,25,
Landroid/net/wifi/WifiManager;->mService:Landroid/net/wifi/IWifiManager;,packages/modules/Wifi/framework/java/android/net/wifi/WifiManager.java,1378,5,1378,25,
Landroid/net/wifi/WifiManager;->cancelLocalOnlyHotspotRequest()V,packages/modules/Wifi/framework/java/android/net/wifi/WifiManager.java,4180,5,4180,25,
Landroid/net/wifi/WifiManager;->initializeMulticastFiltering()Z,packages/modules/Wifi/framework/java/android/net/wifi/WifiManager.java,6046,5,6046,25,
Landroid/net/wifi/WifiManager;->enableVerboseLogging(I)V,packages/modules/Wifi/framework/java/android/net/wifi/WifiManager.java,6086,5,6089,6,maxTargetSdk=29&publicAlternatives=%22Use+%7B%40code+%23setVerboseLoggingEnabled%28boolean%29%7D+instead.%22
Landroid/net/wifi/WifiSsid;->octets:Ljava/io/ByteArrayOutputStream;,packages/modules/Wifi/framework/java/android/net/wifi/WifiSsid.java,48,5,48,25,
Landroid/net/wifi/WifiSsid;->NONE:Ljava/lang/String;,packages/modules/Wifi/framework/java/android/net/wifi/WifiSsid.java,53,5,53,25,
Landroid/net/wifi/WifiSsid;->createFromAsciiEncoded(Ljava/lang/String;)Landroid/net/wifi/WifiSsid;,packages/modules/Wifi/framework/java/android/net/wifi/WifiSsid.java,72,5,72,25,
Landroid/net/wifi/WifiSsid;->getOctets()[B,packages/modules/Wifi/framework/java/android/net/wifi/WifiSsid.java,241,5,241,25,
Landroid/net/wifi/WifiSsid;->CREATOR:Landroid/os/Parcelable$Creator;,packages/modules/Wifi/framework/java/android/net/wifi/WifiSsid.java,270,5,270,25,
Landroid/net/wifi/p2p/WifiP2pConfig;->netId:I,packages/modules/Wifi/framework/java/android/net/wifi/p2p/WifiP2pConfig.java,142,5,142,88,maxTargetSdk=30&trackingBug=170729553L
Landroid/net/wifi/p2p/WifiP2pConfig;-><init>(Ljava/lang/String;)V,packages/modules/Wifi/framework/java/android/net/wifi/p2p/WifiP2pConfig.java,166,5,166,25,
Landroid/net/wifi/p2p/WifiP2pDevice;->wpsConfigMethodsSupported:I,packages/modules/Wifi/framework/java/android/net/wifi/p2p/WifiP2pDevice.java,104,5,104,25,
Landroid/net/wifi/p2p/WifiP2pDevice;->deviceCapability:I,packages/modules/Wifi/framework/java/android/net/wifi/p2p/WifiP2pDevice.java,111,5,111,25,
Landroid/net/wifi/p2p/WifiP2pDevice;->groupCapability:I,packages/modules/Wifi/framework/java/android/net/wifi/p2p/WifiP2pDevice.java,118,5,118,25,
Landroid/net/wifi/p2p/WifiP2pDevice;->wfdInfo:Landroid/net/wifi/p2p/WifiP2pWfdInfo;,packages/modules/Wifi/framework/java/android/net/wifi/p2p/WifiP2pDevice.java,131,5,131,25,
Landroid/net/wifi/p2p/WifiP2pDevice;-><init>(Ljava/lang/String;)V,packages/modules/Wifi/framework/java/android/net/wifi/p2p/WifiP2pDevice.java,192,5,192,88,maxTargetSdk=30&trackingBug=170729553L
Landroid/net/wifi/p2p/WifiP2pDeviceList;->update(Landroid/net/wifi/p2p/WifiP2pDevice;)V,packages/modules/Wifi/framework/java/android/net/wifi/p2p/WifiP2pDeviceList.java,87,5,87,88,maxTargetSdk=30&trackingBug=170729553L
Landroid/net/wifi/p2p/WifiP2pDeviceList;->remove(Ljava/lang/String;)Landroid/net/wifi/p2p/WifiP2pDevice;,packages/modules/Wifi/framework/java/android/net/wifi/p2p/WifiP2pDeviceList.java,151,5,151,25,
Landroid/net/wifi/p2p/WifiP2pGroup;->TEMPORARY_NET_ID:I,packages/modules/Wifi/framework/java/android/net/wifi/p2p/WifiP2pGroup.java,51,5,51,25,
Landroid/net/wifi/p2p/WifiP2pGroup;-><init>(Ljava/lang/String;)V,packages/modules/Wifi/framework/java/android/net/wifi/p2p/WifiP2pGroup.java,115,5,115,25,
Landroid/net/wifi/p2p/WifiP2pGroup;->setIsGroupOwner(Z)V,packages/modules/Wifi/framework/java/android/net/wifi/p2p/WifiP2pGroup.java,191,5,191,25,
Landroid/net/wifi/p2p/WifiP2pGroup;->isClientListEmpty()Z,packages/modules/Wifi/framework/java/android/net/wifi/p2p/WifiP2pGroup.java,235,5,235,25,
Landroid/net/wifi/p2p/WifiP2pGroup;->setInterface(Ljava/lang/String;)V,packages/modules/Wifi/framework/java/android/net/wifi/p2p/WifiP2pGroup.java,269,5,269,25,
Landroid/net/wifi/p2p/WifiP2pGroup;->setNetworkId(I)V,packages/modules/Wifi/framework/java/android/net/wifi/p2p/WifiP2pGroup.java,285,5,285,25,
Landroid/net/wifi/p2p/WifiP2pGroupList;->mGroups:Landroid/util/LruCache;,packages/modules/Wifi/framework/java/android/net/wifi/p2p/WifiP2pGroupList.java,42,5,42,25,
Landroid/net/wifi/p2p/WifiP2pGroupList;-><init>(Landroid/net/wifi/p2p/WifiP2pGroupList;Landroid/net/wifi/p2p/WifiP2pGroupList$GroupDeleteListener;)V,packages/modules/Wifi/framework/java/android/net/wifi/p2p/WifiP2pGroupList.java,59,5,59,25,
Landroid/net/wifi/p2p/WifiP2pManager$Channel;->mAsyncChannel:Lcom/android/internal/util/AsyncChannel;,packages/modules/Wifi/framework/java/android/net/wifi/p2p/WifiP2pManager.java,916,9,916,29,
Landroid/net/wifi/p2p/WifiP2pManager$Channel;->putListener(Ljava/lang/Object;)I,packages/modules/Wifi/framework/java/android/net/wifi/p2p/WifiP2pManager.java,1108,9,1108,92,maxTargetSdk=30&trackingBug=170729553L
Landroid/net/wifi/p2p/WifiP2pManager;->CREATE_GROUP:I,packages/modules/Wifi/framework/java/android/net/wifi/p2p/WifiP2pManager.java,402,5,402,88,maxTargetSdk=30&trackingBug=170729553L
Landroid/net/wifi/p2p/WifiP2pManager;-><init>(Landroid/net/wifi/p2p/IWifiP2pManager;)V,packages/modules/Wifi/framework/java/android/net/wifi/p2p/WifiP2pManager.java,604,5,604,88,maxTargetSdk=28&trackingBug=115609023L
Landroid/net/wifi/p2p/WifiP2pManager;->startWps(Landroid/net/wifi/p2p/WifiP2pManager$Channel;Landroid/net/wifi/WpsInfo;Landroid/net/wifi/p2p/WifiP2pManager$ActionListener;)V,packages/modules/Wifi/framework/java/android/net/wifi/p2p/WifiP2pManager.java,1420,5,1420,50,trackingBug=185141982L
Landroid/net/wifi/p2p/WifiP2pManager;->setWFDInfo(Landroid/net/wifi/p2p/WifiP2pManager$Channel;Landroid/net/wifi/p2p/WifiP2pWfdInfo;Landroid/net/wifi/p2p/WifiP2pManager$ActionListener;)V,packages/modules/Wifi/framework/java/android/net/wifi/p2p/WifiP2pManager.java,1701,5,1701,88,maxTargetSdk=30&trackingBug=170729553L
Landroid/net/wifi/p2p/WifiP2pProvDiscEvent;->event:I,packages/modules/Wifi/framework/java/android/net/wifi/p2p/WifiP2pProvDiscEvent.java,37,5,37,25,
Landroid/net/wifi/p2p/WifiP2pProvDiscEvent;->device:Landroid/net/wifi/p2p/WifiP2pDevice;,packages/modules/Wifi/framework/java/android/net/wifi/p2p/WifiP2pProvDiscEvent.java,40,5,40,25,
Landroid/net/wifi/p2p/WifiP2pProvDiscEvent;->pin:Ljava/lang/String;,packages/modules/Wifi/framework/java/android/net/wifi/p2p/WifiP2pProvDiscEvent.java,44,5,44,25,
Landroid/net/wifi/p2p/WifiP2pProvDiscEvent;-><init>()V,packages/modules/Wifi/framework/java/android/net/wifi/p2p/WifiP2pProvDiscEvent.java,47,5,47,25,
Landroid/net/wifi/p2p/WifiP2pWfdInfo;-><init>(III)V,packages/modules/Wifi/framework/java/android/net/wifi/p2p/WifiP2pWfdInfo.java,205,5,205,25,
Landroid/net/wifi/p2p/nsd/WifiP2pDnsSdServiceInfo;->createRequest(Ljava/lang/String;II)Ljava/lang/String;,packages/modules/Wifi/framework/java/android/net/wifi/p2p/nsd/WifiP2pDnsSdServiceInfo.java,179,5,179,88,maxTargetSdk=28&trackingBug=115609023L
Landroid/net/wifi/p2p/nsd/WifiP2pServiceInfo;->mQueryList:Ljava/util/List;,packages/modules/Wifi/framework/java/android/net/wifi/p2p/nsd/WifiP2pServiceInfo.java,88,5,88,88,maxTargetSdk=28&trackingBug=115609023L
Landroid/net/wifi/p2p/nsd/WifiP2pServiceInfo;-><init>(Ljava/util/List;)V,packages/modules/Wifi/framework/java/android/net/wifi/p2p/nsd/WifiP2pServiceInfo.java,97,5,97,88,maxTargetSdk=28&trackingBug=115609023L
Landroid/net/wifi/p2p/nsd/WifiP2pServiceInfo;->CREATOR:Landroid/os/Parcelable$Creator;,packages/modules/Wifi/framework/java/android/net/wifi/p2p/nsd/WifiP2pServiceInfo.java,173,5,173,88,maxTargetSdk=30&trackingBug=170729553L
Landroid/net/wifi/p2p/nsd/WifiP2pServiceRequest;-><init>(ILjava/lang/String;)V,packages/modules/Wifi/framework/java/android/net/wifi/p2p/nsd/WifiP2pServiceRequest.java,77,5,77,88,maxTargetSdk=28&trackingBug=115609023L
Landroid/net/wifi/p2p/nsd/WifiP2pServiceRequest;->CREATOR:Landroid/os/Parcelable$Creator;,packages/modules/Wifi/framework/java/android/net/wifi/p2p/nsd/WifiP2pServiceRequest.java,268,5,268,88,maxTargetSdk=30&trackingBug=170729553L
Lcom/android/internal/util/AsyncChannel;->CMD_CHANNEL_HALF_CONNECTED:I,frameworks/base/core/java/com/android/internal/util/AsyncChannel.java,110,5,110,25,
Lcom/android/internal/util/AsyncChannel;->CMD_CHANNEL_FULL_CONNECTION:I,frameworks/base/core/java/com/android/internal/util/AsyncChannel.java,120,5,120,25,
Lcom/android/internal/util/AsyncChannel;->cmdToString(I)Ljava/lang/String;,frameworks/base/core/java/com/android/internal/util/AsyncChannel.java,166,5,166,88,maxTargetSdk=28&trackingBug=115609023L
Lcom/android/internal/util/AsyncChannel;->STATUS_SUCCESSFUL:I,frameworks/base/core/java/com/android/internal/util/AsyncChannel.java,177,5,177,25,
Lcom/android/internal/util/AsyncChannel;-><init>()V,frameworks/base/core/java/com/android/internal/util/AsyncChannel.java,213,5,213,25,
Lcom/android/internal/util/AsyncChannel;->connectSync(Landroid/content/Context;Landroid/os/Handler;Landroid/os/Messenger;)I,frameworks/base/core/java/com/android/internal/util/AsyncChannel.java,265,5,265,25,
Lcom/android/internal/util/AsyncChannel;->connect(Landroid/content/Context;Landroid/os/Handler;Landroid/os/Messenger;)V,frameworks/base/core/java/com/android/internal/util/AsyncChannel.java,381,5,381,25,
Lcom/android/internal/util/AsyncChannel;->connected(Landroid/content/Context;Landroid/os/Handler;Landroid/os/Messenger;)V,frameworks/base/core/java/com/android/internal/util/AsyncChannel.java,404,5,404,88,maxTargetSdk=30&trackingBug=170729553L
Lcom/android/internal/util/AsyncChannel;->disconnect()V,frameworks/base/core/java/com/android/internal/util/AsyncChannel.java,459,5,459,25,
Lcom/android/internal/util/AsyncChannel;->sendMessage(Landroid/os/Message;)V,frameworks/base/core/java/com/android/internal/util/AsyncChannel.java,489,5,489,25,
Lcom/android/internal/util/AsyncChannel;->sendMessage(I)V,frameworks/base/core/java/com/android/internal/util/AsyncChannel.java,504,5,504,25,
Lcom/android/internal/util/AsyncChannel;->sendMessage(II)V,frameworks/base/core/java/com/android/internal/util/AsyncChannel.java,517,5,517,88,maxTargetSdk=30&trackingBug=170729553L
Lcom/android/internal/util/AsyncChannel;->sendMessage(III)V,frameworks/base/core/java/com/android/internal/util/AsyncChannel.java,532,5,532,25,
Lcom/android/internal/util/AsyncChannel;->sendMessage(IIILjava/lang/Object;)V,frameworks/base/core/java/com/android/internal/util/AsyncChannel.java,549,5,549,25,
Lcom/android/internal/util/AsyncChannel;->replyToMessage(Landroid/os/Message;Landroid/os/Message;)V,frameworks/base/core/java/com/android/internal/util/AsyncChannel.java,578,5,578,25,
Lcom/android/internal/util/AsyncChannel;->replyToMessage(Landroid/os/Message;I)V,frameworks/base/core/java/com/android/internal/util/AsyncChannel.java,595,5,595,88,maxTargetSdk=28&trackingBug=115609023L
Lcom/android/internal/util/AsyncChannel;->replyToMessage(Landroid/os/Message;II)V,frameworks/base/core/java/com/android/internal/util/AsyncChannel.java,609,5,609,88,maxTargetSdk=30&trackingBug=170729553L
Lcom/android/internal/util/AsyncChannel;->replyToMessage(Landroid/os/Message;IIILjava/lang/Object;)V,frameworks/base/core/java/com/android/internal/util/AsyncChannel.java,642,5,642,88,maxTargetSdk=30&trackingBug=170729553L
Lcom/android/internal/util/AsyncChannel;->replyToMessage(Landroid/os/Message;ILjava/lang/Object;)V,frameworks/base/core/java/com/android/internal/util/AsyncChannel.java,659,5,659,88,maxTargetSdk=30&trackingBug=170729553L
Lcom/android/internal/util/AsyncChannel;->sendMessageSynchronously(Landroid/os/Message;)Landroid/os/Message;,frameworks/base/core/java/com/android/internal/util/AsyncChannel.java,673,5,673,88,maxTargetSdk=30&trackingBug=170729553L
Lcom/android/internal/util/AsyncChannel;->sendMessageSynchronously(III)Landroid/os/Message;,frameworks/base/core/java/com/android/internal/util/AsyncChannel.java,715,5,715,88,maxTargetSdk=30&trackingBug=170729553L
Lcom/android/internal/util/Preconditions;->checkArgument(Z)V,frameworks/libs/modules-utils/java/com/android/internal/util/Preconditions.java,41,5,41,25,
Lcom/android/internal/util/Preconditions;->checkArgument(ZLjava/lang/Object;)V,frameworks/libs/modules-utils/java/com/android/internal/util/Preconditions.java,56,5,56,88,maxTargetSdk=30&trackingBug=170729553L
Lcom/android/internal/util/Preconditions;->checkNotNull(Ljava/lang/Object;)Ljava/lang/Object;,frameworks/libs/modules-utils/java/com/android/internal/util/Preconditions.java,144,5,144,25,
Lcom/android/internal/util/Preconditions;->checkNotNull(Ljava/lang/Object;Ljava/lang/Object;)Ljava/lang/Object;,frameworks/libs/modules-utils/java/com/android/internal/util/Preconditions.java,164,5,164,25,
Lcom/android/internal/util/Preconditions;->checkState(Z)V,frameworks/libs/modules-utils/java/com/android/internal/util/Preconditions.java,198,5,198,25,
Lcom/android/internal/util/Preconditions;->checkState(ZLjava/lang/String;)V,frameworks/libs/modules-utils/java/com/android/internal/util/Preconditions.java,212,5,212,88,maxTargetSdk=30&trackingBug=170729553L
Lcom/android/internal/util/Preconditions;->checkArgumentInRange(IIILjava/lang/String;)I,frameworks/libs/modules-utils/java/com/android/internal/util/Preconditions.java,522,5,522,88,maxTargetSdk=30&trackingBug=170729553L
