signature,file,startline,startcol,endline,endcol,properties
Landroid/provider/MediaStore$Files$FileColumns;->STORAGE_ID:Ljava/lang/String;,packages/providers/MediaProvider/apex/framework/java/android/provider/MediaStore.java,1949,13,1949,96,maxTargetSdk=30&trackingBug=170729553L
Landroid/provider/MediaStore$Files$FileColumns;->FORMAT:Ljava/lang/String;,packages/providers/MediaProvider/apex/framework/java/android/provider/MediaStore.java,1958,13,1958,33,
Landroid/provider/MediaStore$Files;->getMtpObjectsUri(Ljava/lang/String;)Landroid/net/Uri;,packages/providers/MediaProvider/apex/framework/java/android/provider/MediaStore.java,1911,9,1911,29,
Landroid/provider/MediaStore$Files;->getMtpObjectsUri(Ljava/lang/String;J)Landroid/net/Uri;,packages/providers/MediaProvider/apex/framework/java/android/provider/MediaStore.java,1917,9,1917,29,
Landroid/provider/MediaStore$Files;->getMtpReferencesUri(Ljava/lang/String;J)Landroid/net/Uri;,packages/providers/MediaProvider/apex/framework/java/android/provider/MediaStore.java,1923,9,1923,29,
